﻿<?xml version="1.0" encoding="utf-8" ?>
<ApiConfig>
  
  <Services>
    <!--Name = ServiceName-->
    
    <!--Url = Url ของ External Web Service-->
    
    <!--Timeout = เวลาจำกัดในการเรียก External Web Service มีหน่วยเป็น Milli Second-->

    <!--ServiceName : 1. Begin Login-->
    <Service Name="CheckUserLogin" Url="http://localhost:50785/api/Login/CheckUserLogin" Timeout="3000"/>
    <!--ServiceName : 1. End Login-->

    <!--ServiceName : 2. Begin Master-->
    <Service Name="GetAllMaster" Url="http://localhost:50785/api/Master/GetAllMaster" Timeout="3000"/>
    <Service Name="GetBanksList" Url="http://localhost:50785/api/Master/GetBanksList" Timeout="3000"/>
    <Service Name="GetBranchList" Url="http://localhost:50785/api/Master/GetBranchList" Timeout="3000"/>
    <Service Name="GetChannelList" Url="http://localhost:50785/api/Master/GetChannelList" Timeout="3000"/>
    <Service Name="GetSubDistrictList" Url="http://localhost:50785/api/Master/GetSubDistrictList" Timeout="3000"/>

    <Service Name="GetDistrictList" Url="http://localhost:50785/api/Master/GetDistrictList" Timeout="3000"/>
    <Service Name="GetProvinceList" Url="http://localhost:50785/api/Master/GetProvinceList" Timeout="3000"/>
    <Service Name="GetOccupationList" Url="http://localhost:50785/api/Master/GetOccupationList" Timeout="3000"/>
    <Service Name="GetTitleList" Url="http://localhost:50785/api/Master/GetTitleList" Timeout="3000"/>
    <Service Name="GetTypeFinancialList" Url="http://localhost:50785/api/Master/GetTypeFinancialList" Timeout="3000"/>
    <!--ServiceName : 2. End Master-->

    <!--ServiceName : 3. Begin Customer-->
    <Service Name="InsertCustomer" Url="http://localhost:50785/api/Customer/InsertCustomer" Timeout="3000"/>
    <Service Name="CheckCustomer" Url="http://localhost:50785/api/Customer/CheckCustomer" Timeout="3000"/>
    <!--ServiceName : 3. End Customer-->

    <!--ServiceName : 4. Begin Bank-->
    <Service Name="InsertFinancialTransaction" Url="http://localhost:50785/api/Bank/InsertFinancialTransaction" Timeout="3000"/>
    <Service Name="GetBalanceData" Url="http://localhost:50785/api/Bank/GetBalanceData" Timeout="3000"/>
    <!--ServiceName : 4. End Bank-->


  </Services>

</ApiConfig>