﻿<?xml version="1.0" encoding="utf-8" ?>
<Response>

  <!--Tag Name : ResponseService-->
  <ResponseService>

    <Message code="Success" messageCode="Success" messageDesc="Successful">
      <Internal code="Success"/>
    </Message>

    <Message code="DataNotFound" messageCode="DataNotFound" messageDesc="Data not found">
      <Internal code="DataNotFound"/>
    </Message>

    <Message code="Error" messageCode="Error" messageDesc="{0}">
      <Internal code="Error"/>
    </Message>

    <Message code="CannotSave" messageCode="CannotSave" messageDesc="Can not Save">
      <Internal code="CannotSave"/>
    </Message>

    <Message code="Unauthorized" messageCode="Unauthorized" messageDesc="Not authorized for User Name and Password">
      <Internal code="Unauthorized"/>
    </Message>

    <Default code="999" messageCode="Fail" messageDesc="Service Error"/>

  </ResponseService>

  <!-- Tag Name : ResponseTimeout เอาไว้ตรวจสอบตอน Call ไปหา External Service ว่ามีการเกิด error อะไรบ้างในตอน Call External Service แล้วก็ Mapping messageCode และ messageDesc ส่งไปยัง Client -->
  <ResponseTimeout>

    <Message messageCode="Timeout" messageDesc="The operation has timed out">
      <Internal messageDesc="The operation has timed out"/>
    </Message>

    <Message messageCode="Timeout" messageDesc="The request was aborted: The operation has timed out.">
      <Internal messageDesc="The request was aborted: The operation has timed out."/>
    </Message>

    <Message messageCode="Fail" messageDesc="Unable to connect to the remote server">
      <Internal messageDesc="Unable to connect to the remote server"/>
    </Message>

    <Default messageCode="Fail" messageDesc="{0}"/>
  </ResponseTimeout>

</Response>